{
  "test/integration/FirstJourney-dbg.js": 1699264649688,
  "Component.js": 1699264649320,
  "test/integration/pages/RisksList.js": 1699264649616,
  "test/integration/opaTests.qunit.js": 1699264649464,
  "test/integration/FirstJourney.js": 1699264649688,
  "test/testsuite.qunit.js": 1699264649416,
  "xs-app.json": 1699333469984,
  "manifest.json": 1699333470008,
  "test/integration/pages/RisksObjectPage.js": 1699264649616,
  "Component-dbg.js": 1699264649320,
  "Component.js.map": 1699333485590,
  "test/integration/pages/RisksList-dbg.js": 1699264649616,
  "test/integration/pages/RisksList.js.map": 1699333485594,
  "test/integration/opaTests.qunit-dbg.js": 1699264649464,
  "test/integration/opaTests.qunit.js.map": 1699333485607,
  "i18n/i18n.properties": 1699264739275,
  "test/integration/FirstJourney.js.map": 1699333485590,
  "test/testsuite.qunit-dbg.js": 1699264649416,
  "test/testsuite.qunit.js.map": 1699333485598,
  "test/integration/pages/RisksObjectPage-dbg.js": 1699264649616,
  "test/integration/pages/RisksObjectPage.js.map": 1699333485607,
  "Component-preload.js": 1699333485789,
  "Component-preload.js.map": 1699333485789,
  "test/integration/opaTests.qunit.html": 1699264649464,
  "test/testsuite.qunit.html": 1699264649404,
  "test/flpSandbox.html": 1699264649404,
  "localService/metadata.xml": 1699264649400,
  "index.html": 1699264649320
}